<?xml version="1.0" encoding="utf-8"?>
<extension type="component" version="3.0" method="upgrade">
	<name>com_tz_portfolio</name>
	<author>DuongTVTemPlaza</author>
	<creationDate>January 25th 2013</creationDate>
	<copyright>Copyright (C) 2012 TemPlaza. All rights reserved.</copyright>
	<license>GNU/GPL v2 or later http://www.gnu.org/licenses/gpl-2.0.html</license>
	<authorEmail>support@templaza.com</authorEmail>
	<authorUrl>www.templaza.com/</authorUrl>
	<version>3.1.6</version>
	<description>TZ Portfolio native for Joomla! 2.5.x and 3.0.x</description>
    
    <scriptfile>script.php</scriptfile>

    <install>
        <sql>
            <file charset="utf8" driver="mysql">install/install.sql</file>
        </sql>
    </install>
    <uninstall>
        <sql>
            <file charset="utf8" driver="mysql">install/uninstall.sql</file>
        </sql>
    </uninstall>

    <files folder="site">
        <folder>assets</folder>
        <folder>bootstrap</folder>
        <folder>controllers</folder>
        <folder>css</folder>
        <folder>helpers</folder>
        <folder>js</folder>
        <folder>less</folder>
        <folder>models</folder>
        <folder>views</folder>

        <filename>tz_portfolio.php</filename>
        <filename>controller.php</filename>
        <filename>router.php</filename>
        <filename>metadata.xml</filename>
        <filename>index.html</filename>
    </files>
    <languages folder="site/languages">
        <language tag="en-GB">en-GB/en-GB.com_tz_portfolio.ini</language>
        <language tag="ja-JP">ja-JP/ja-JP.com_tz_portfolio.ini</language>
		<language tag="pt-BR">pt-BR/pt-BR.com_tz_portfolio.ini</language>
		<language tag="ru-RU">ru-RU/ru-RU.com_tz_portfolio.ini</language>
    </languages>

	<administration>
	    <files folder="admin">
            <folder>assets</folder>
	    	<folder>controllers</folder>
	    	<folder>css</folder>
            <folder>fonts</folder>
	    	<folder>helpers</folder>
            <folder>install</folder>
            <folder>js</folder>
            <folder>jui</folder>
	    	<folder>libraries</folder>
	    	<folder>models</folder>
	    	<folder>tables</folder>
	    	<folder>views</folder>
            <folder>elements</folder>

            <filename>access.xml</filename>
            <filename>config.xml</filename>
            <filename>tz_portfolio.php</filename>
			<filename>controller.php</filename>
			<filename>index.html</filename>
	    </files>

        <menu>TZ_Portfolio</menu>
        <submenu>
            <menu link="option=com_tz_portfolio&amp;view=fields">Fields</menu>
            <menu link="option=com_tz_portfolio&amp;view=groups">Groups</menu>
            <menu link="option=com_tz_portfolio&amp;view=categories">Categories</menu>
            <menu link="option=com_tz_portfolio&amp;view=articles">Articles</menu>
            <menu link="option=com_tz_portfolio&amp;view=tags">Tags</menu>
            <menu link="option=com_tz_portfolio&amp;view=users">Users</menu>
        </submenu>
        <languages folder="admin/languages">
            <language tag="en-GB">en-GB/en-GB.com_tz_portfolio.ini</language>
            <language tag="en-GB">en-GB/en-GB.com_tz_portfolio.sys.ini</language>
			<language tag="ja-JP">ja-JP/ja-JP.com_tz_portfolio.ini</language>
            <language tag="ja-JP">ja-JP/ja-JP.com_tz_portfolio.sys.ini</language>
			<language tag="pt-BR">pt-BR/pt-BR.com_tz_portfolio.ini</language>
            <language tag="pt-BR">pt-BR/pt-BR.com_tz_portfolio.sys.ini</language>
            <language tag="ru-RU">ru-RU/ru-RU.com_tz_portfolio.ini</language>
            <language tag="ru-RU">ru-RU/ru-RU.com_tz_portfolio.sys.ini</language>
        </languages>
 	</administration>
    <config>
        <fields>
            <field name="tz_portfolio_redirect" default="default"/>
            <field name="layout_type" multiple="true">
                <option value="masonry"/>
                <option value="fitRows"/>
                <option value="straightDown"/>
            </field>
            <field name="tz_show_filter" default="1"/>
            <field name="tz_article_limit" default="10"/>
            <field name="tz_filter_type" default="categories"/>
            <field name="show_sort" default="1"/>
            <field name="show_layout" default="1"/>
            <field name="tz_column_width" default="233"/>
            <field name="show_image" default="1"/>
            <field name="show_image_gallery" default="1"/>
            <field name="show_arrows_image_gallery" default="1"/>
            <field name="image_gallery_slideshow" default="1"/>
            <field name="show_controlNav_image_gallery" default="0"/>
            <field name="image_gallery_pausePlay" default="0"/>
            <field name="image_gallery_pauseOnAction" default="1"/>
            <field name="image_gallery_pauseOnHover" default="0"/>
            <field name="image_gallery_useCSS" default="1"/>
            <field name="image_gallery_slide_direction" default="horizontal"/>
            <field name="image_gallery_amination" default="none"/>
            <field name="image_gallery_animSpeed" default="7000"/>
            <field name="image_gallery_animation_duration" default="600"/>
            <field name="show_video" default="1"/>
            <field name="video_width" default=""/>
            <field name="video_height" default=""/>
            <field name="show_attachments" default="1"/>
            <field name="show_extra_fields" default="1"/>
            <field name="show_comment" default="1"/>
            <field name="show_tags" default="1"/>
            <field name="show_user" default="1"/>
            <field name="show_gender_user" default="0"/>
            <field name="show_email_user" default="0"/>
            <field name="show_url_user" default="1"/>
            <field name="show_description_user" default="1"/>
            <field name="show_limit_box" default="0"/>
            <field name="user_tag_article_limit" default="10"/>
            <field name="show_twitter_button" default="1"/>
            <field name="show_facebook_button" default="1"/>
            <field name="show_google_button" default="1"/>
            <field name="tz_image_xsmall" default="100"/>
            <field name="tz_image_small" default="200"/>
            <field name="tz_image_medium" default="400"/>
            <field name="tz_image_large" default="600"/>
            <field name="tz_image_xlarge" default="900"/>
            <field name="tz_image_gallery_xsmall" default="100"/>
            <field name="tz_image_gallery_small" default="200"/>
            <field name="tz_image_gallery_medium" default="400"/>
            <field name="tz_image_gallery_large" default="600"/>
            <field name="tz_image_gallery_xlarge" default="900"/>
            <field name="tz_catimage_width" default="400"/>
            <field name="tz_user_image_width" default="100"/>
            <field name="article_layout" default="_:default"/>
            <field name="show_title" default="1"/>
            <field name="link_titles" default="1"/>
            <field name="show_intro" default="1"/>
            <field name="show_category" default="1"/>
            <field name="link_category" default="1"/>
            <field name="show_parent_category" default="0"/>
            <field name="link_parent_category" default="0"/>
            <field name="show_author" default="1"/>
            <field name="link_author" default="1"/>
            <field name="show_create_date" default="1"/>
            <field name="show_modify_date" default="0"/>
            <field name="show_publish_date" default="0"/>
            <field name="show_item_navigation" default="0"/>
            <field name="show_vote" default="1"/>
            <field name="show_readmore" default="1"/>
            <field name="show_readmore_title" default="0"/>
            <field name="readmore_limit" default="100"/>
            <field name="show_icons" default="1"/>
            <field name="show_print_icon" default="1"/>
            <field name="show_email_icon" default="1"/>
            <field name="show_hits" default="1"/>
            <field name="show_noauth" default="0"/>
            <field name="urls_position" default="0"/>
            <field name="show_publishing_options" default="1"/>
            <field name="show_article_options" default="1"/>
            <field name="show_urls_images_frontend" default="0"/>
            <field name="show_urls_images_backend" default="0"/>
            <field name="targetb" default="0"/>
            <field name="targetc" default="0"/>
            <field name="float_intro" default="right"/>
            <field name="float_fulltext" default="right"/>
            <field name="category_layout" default="_:blog"/>
            <field name="show_category_title" default="0"/>
            <field name="show_description" default="0"/>
            <field name="show_description_image" default="0"/>
            <field name="maxLevel" default="-1"/>
            <field name="show_empty_categories" default="0"/>
            <field name="show_no_articles" default="1"/>
            <field name="show_subcat_desc" default="1"/>
            <field name="show_cat_num_articles" default="1"/>
            <field name="show_base_description" default="1"/>
            <field name="maxLevelcat" default="-1"/>
            <field name="show_empty_categories_cat" default="0"/>
            <field name="show_subcat_desc_cat" default="1"/>
            <field name="show_cat_num_articles_cat" default="1"/>
            <field name="num_leading_articles" default="1"/>
            <field name="num_intro_articles" default="4"/>
            <field name="num_columns" default="1"/>
            <field name="num_links" default="0"/>
            <field name="multi_column_order" default="0"/>
            <field name="show_subcategory_content" default="0"/>
            <field name="show_pagination_limit" default="1"/>
            <field name="filter_field" default="hide"/>
            <field name="show_headings" default="1"/>
            <field name="list_show_date" default="0"/>
            <field name="date_format" default=""/>
            <field name="list_show_hits" default="1"/>
            <field name="list_show_author" default="1"/>
            <field name="orderby_pri" default="none"/>
            <field name="orderby_sec" default="rdate"/>
            <field name="order_date" default="published"/>
            <field name="show_pagination" default="2"/>
            <field name="show_pagination_results" default="1"/>
            <field name="show_feed_link" default="1"/>
            <field name="feed_summary" default="0"/>
			<field name="tz_attach_type"
               default="zip,rar,exe,cab,doc,rtf,xls,ppt,pdf,psd,ai,eps,ps,png,jpe,jpeg,jpg,gif,bmp,ico,tiff,tif,svg,svgz">
			</field>
			<field name="useCloudZoom" default="1"/>
			<field name="zoomWidth" default=""/>
			<field name="zoomHeight" default=""/>
			<field name="position" default="inside"/>
			<field name="adjustX" default="0"/>
			<field name="adjustY" default="0"/>
			<field name="tint" default=""/>
			<field name="tintOpacity" default="0.5"/>
			<field name="lensOpacity" default="0.5"/>
			<field name="softFocus" default="0"/>
			<field name="smoothMove" default="3"/>
			<field name="showTitle" default="1"/>
			<field name="titleOpacity" default="0.5"/>
            <field name="tz_use_lightbox" default="1"/>
            <field name="tz_lightbox_opacity" default="0.1"/>
            <field name="tz_show_count_comment" default="1"/>

            <field name="tz_use_image_hover" default="1"/>
            <field name="tz_image_timeout" default="0.35"/>
            <field name="tz_timeline_layout" default="default"/>
            <field name="tz_timeline_time_type" default="month-year"/>

            <field name="portfolio_image_size" default="M"/>
            <field name="portfolio_image_featured_size" default="L"/>
            <field name="detail_article_image_size" default="L"/>
            <field name="article_leading_image_size" default="L"/>
            <field name="article_secondary_image_size" default="M"/>
            <field name="detail_article_image_gallery_size" default="L"/>

            <field name="article_leading_image_gallery_size" default="L"/>
            <field name="article_secondary_image_gallery_size" default="M"/>
            <field name="article_image_zoom_size" default="XL"/>
            <field name="tz_comment_type" default="disqus"/>

            <field name="tz_show_gmap" default="1"/>
            <field name="tz_gmap_width"  default="100%"/>
            <field name="tz_gmap_height" default="500"/>
            <field name="tz_gmap_zoomlevel" default="10"/>
            <field name="tz_gmap_latitude" default="20.9815260"/>
            <field name="tz_gmap_longitude" default="105.7890379"/>
            <field name="tz_gmap_mousewheel_zoom" default="0"/>

            <field name="tz_gallery_item_width" default="210px"/>
            <field name="tz_gallery_item_height"  default="210px"/>
            <field name="show_article_not_image" default="1"/>
            <field name="image_crop_type" default="w_h_input"/>
            <field name="column_count" default="10"/>
            <field name="use_row_count" default="0"/>
            <field name="row_count" default="7"/>

            <field name="show_tags_title" default="1"/>
            <field name="disqusSubDomain" default="templazatoturials"/>
            <field name="disqusDevMode" default="1"/>
            <field name="disqusApiSecretKey" default="4sLbLjSq7ZCYtlMkfsG7SS5muVp7DsGgwedJL5gRsfUuXIt6AX5h6Ae6PnNREMiB"/>
            <field name="show_feed_image" default="1"/>
            <field name="feed_image_size" default="S"/>
            <field name="tz_portfolio_layout" default="ajaxButton"/>

            <field name="show_related_article" default="1"/>
            <field name="show_related_heading" default="1"/>
            <field name="show_related_type" default="title_image"/>
            <field name="show_related_featured" default="1"/>
            <field name="related_image_size" default="S"/>
            <field name="related_orderby" default="rdate"/>

            <field name="fields_order" default="rid"/>
            <field name="use_filter_first_letter" default="1"/>
            <field name="tz_letters" default="a,b,c,d,e,f,g,h,i,j,k,l,m,n,o,p,q,r,s,t,u,v,w,x,y,z"/>
            <field name="filter_tags_categories_order" default="auto"/>

            <field name="devmode" default="0"/>
            <field name="css_compression" default="0"/>
            <field name="js_compression" default="1"/>

            <field name="menu_active" default="auto"/>
            <field name="show_all_filter" default="0"/>

            <field name="related_limit" default="5"/>
            <field name="image_gallery_animationLoop" default="1"/>
            <field name="image_gallery_smoothHeight" default="1"/>
            <field name="image_gallery_randomize" default="0"/>
            <field name="image_gallery_startAt" default="0"/>
            <field name="image_gallery_itemWidth" default="0"/>
            <field name="image_gallery_itemMargin" default="0"/>
            <field name="image_gallery_minItems" default="0"/>
            <field name="image_gallery_maxItems" default="0"/>

            <field name="show_audio" default="1"/>
            <field name="audio_layout_type" default="thumbnail"/>
            <field name="show_soundcloud_artwork" default="1"/>
            <field name="soundcloud_auto_play" default="0"/>
            <field name="show_soundcloud_sharing" default="1"/>
            <field name="show_soundcloud_buying" default="1"/>
            <field name="show_soundcloud_download" default="1"/>
            <field name="show_soundcloud_user" default="1"/>
            <field name="show_soundcloud_playcount" default="1"/>
            <field name="show_soundcloud_comments" default="1"/>
            <field name="audio_soundcloud_color" default="transparent"/>
            <field name="audio_soundcloud_theme_color" default="transparent"/>
            <field name="audio_soundcloud_width" default="100%"/>
            <field name="audio_soundcloud_height" default="166"/>

            <field name="show_quote_text" default="1"/>
            <field name="show_quote_author" default="1"/>
            <field name="comment_function_type" default="default"/>
			
			<field name="show_pinterest_button" default="1"/>
            <field name="show_linkedin_button" default="1"/>

        </fields>
    </config>
    
    <modules>
        <module module="mod_tz_portfolio_articles_archive" client="site" />
        <module module="mod_tz_portfolio_articles_categories" client="site" />
        <module module="mod_tz_portfolio_articles_category" client="site" />
        <module module="mod_tz_portfolio_articles_features" client="site" />
        <module module="mod_tz_portfolio_articles_latest" client="site" />
        <module module="mod_tz_portfolio_articles_news" client="site" />
        <module module="mod_tz_portfolio_articles_popular" client="site" />
        <module module="mod_tz_portfolio_articles_random" client="site" />
        <module module="mod_tz_portfolio_categories" client="site" />
    </modules>

    <plugins>
        <plugin plugin="tz_portfolio" group="content" folder="tz_portfolio"/>
        <plugin plugin="tz_portfolio_comment" group="content"  folder="tz_portfolio_comment"/>
        <plugin plugin="tz_portfolio_vote" group="content" folder="tz_portfolio_vote"/>
		<plugin plugin="tz_portfolio" group="system" />
		<plugin plugin="tz_portfolio" group="user" />
		<plugin plugin="tz_portfolio" group="search" folder="tz_portfolio_content" />
		<plugin plugin="tz_portfolio" group="search" folder="tz_portfolio_categories" />
		<plugin plugin="example" group="tz_portfolio" folder="example" />
    </plugins>

</extension>
